{"cameraMode":{"drawMode":0,"name":"Shaded","section":"Shading Mode"},"sceneLighting":true,"audioPlay":false,"sceneViewState":{"m_AlwaysRefresh":false,"showFog":true,"showSkybox":true,"showFlares":true,"showImageEffects":true,"showParticleSystems":true,"showVisualEffectGraphs":true,"m_FxEnabled":true},"in2DMode":false,"pivot":{"x":350.84613037109377,"y":2.334712266921997,"z":55.399261474609378},"rotation":{"x":0.006089604925364256,"y":0.9941165447235107,"z":-0.09146511554718018,"w":0.06253181397914887},"size":8.324235916137696,"orthographic":false}