{"cameraMode":{"drawMode":0,"name":"Shaded","section":"Shading Mode"},"sceneLighting":true,"audioPlay":false,"sceneViewState":{"m_AlwaysRefresh":false,"showFog":true,"showSkybox":true,"showFlares":true,"showImageEffects":true,"showParticleSystems":true,"showVisualEffectGraphs":true,"m_FxEnabled":true},"in2DMode":false,"pivot":{"x":314.2500305175781,"y":180.39852905273438,"z":-77.66691589355469},"rotation":{"x":-0.02849782444536686,"y":0.9018423557281494,"z":0.42698460817337038,"w":0.06015975773334503},"size":115.72871398925781,"orthographic":false}